,gcn,med_id,gcn_seqno,pharmacy_network_id,pharmacy_network_name,in_consideration,in_consideration_reason,fills,margin,orders,revenue,users,gcn_gppd,hicl_desc,brand_med_name,strength,form,default_quantity,blink_hicl_rank,top_30ds_quantity,top_90ds_quantity,edlp_unit_price,bsd_unit_price,hd_unit_price,edlp_fixed_price,bsd_fixed_price,hd_fixed_price,bh01_mac_price,bh02_mac_price,bh03_mac_price,wmt_mac_price,hd_syr_mac_price,bh01_dispensing_fee,bh02_dispensing_fee,bh03_dispensing_fee,wmt_dispensing_fee,hd_syr_dispensing_fee,wmt_2018_11_28_qty1,wmt_2018_11_28_qty2,wmt_2018_11_28_price1,wmt_2018_11_28_price2,wmt_2018_11_28_flg,last_30ds_qty,last_90ds_qty,min_grx_30ds,min_grx_90ds,min_major_retail_grx_30ds,min_major_retail_grx_90ds,min_retail_grx_30ds,min_retail_grx_90ds,last_30ds_qty_scrape_date,ltd_30_day_scripts,ltd_90_day_scripts,ltd_30_day_scripts_pct,ltd_90_day_scripts_pct,r30_30_day_scripts,r30_90_day_scripts,r30_30_day_script_pct,r30_90_day_script_pct
0,23162,471239,57892,1,blink,True,N/A,445,-391.92259,445,8029.66741,311,23162.0,duloxetine hcl,Cymbalta,30 MG,CAPSULE DR,30.0,6.0,30.0,90.0,0.25,0.25,0.233333,1.4,1.4,0.99,0.22415,0.21437,0.186,0.46338,0.15084,1.0,1.0,1.0,1.0,1.5,30.0,90.0,9.0,24.0,1.0,30.0,90.0,12.7,21.85,15.0,38.0,15.0,38.0,2019-12-24,20394.0,3000.0,0.871761990253911,0.128238009746089,327.0,95.0,0.774881516587678,0.774881516587678
1,15738,556806,64594,2,supersaver,True,N/A,3,-428.77167,3,312.10833,2,15738.0,ropinirole hcl,Requip XL,12 MG,TAB ER 24H,30.0,87.0,30.0,90.0,8.556687,2.073305,7.796667,1.504804,0.370862,12.3,5.14166,4.91228,4.26001,10.57479,3.44231,1.0,1.0,1.0,1.0,1.5,,,,,,30.0,90.0,76.12,212.36,76.12,212.36,76.12,212.36,2019-12-24,6.0,2.0,0.75,0.25,0.0,0.0,0.0,0.0
2,35744,173420,8350,1,blink,True,N/A,267,-362.54046,267,2710.24954,226,35744.0,ibuprofen,Motrin,800 MG,TABLET,30.0,69.0,90.0,270.0,0.12975,0.082634,0.098333,1.607515,1.242901,2.85,0.14579,0.13669,0.11735,0.27114,0.08826,1.0,1.0,1.0,1.0,1.5,,,,,,,,,,,,,,,8494.0,304.0,0.965446692430098,0.0345533075699022,203.0,11.0,0.948598130841122,0.948598130841122
3,35744,173420,8350,2,supersaver,True,N/A,115,-560.73894,115,867.55106,99,35744.0,ibuprofen,Motrin,800 MG,TABLET,30.0,69.0,90.0,270.0,0.12975,0.082634,0.098333,1.607515,1.242901,2.85,0.14579,0.13669,0.11735,0.27114,0.08826,1.0,1.0,1.0,1.0,1.5,,,,,,,,,,,,,,,8494.0,304.0,0.965446692430098,0.0345533075699022,203.0,11.0,0.948598130841122,0.948598130841122
4,32481,284012,11984,2,supersaver,True,N/A,7,-312.46469,7,122.59531,5,32481.0,guanfacine hcl,Tenex,2 MG,TABLET,30.0,157.0,30.0,135.0,0.300126,0.255849,,1.886216,1.614426,,1.06714,1.02336,0.88922,2.23698,0.72818,1.0,1.0,1.0,1.0,1.5,,,,,,,,,,,,,,,206.0,27.0,0.88412017167382,0.11587982832618,8.0,2.0,0.8,0.8
5,32481,284012,11984,1,blink,True,N/A,17,-566.22921,17,234.65079,9,32481.0,guanfacine hcl,Tenex,2 MG,TABLET,30.0,157.0,30.0,135.0,0.300126,0.255849,,1.886216,1.614426,,1.06714,1.02336,0.88922,2.23698,0.72818,1.0,1.0,1.0,1.0,1.5,,,,,,,,,,,,,,,206.0,27.0,0.88412017167382,0.11587982832618,8.0,2.0,0.8,0.8
6,39802,237854,9043,1,blink,True,N/A,158,-305.2474,158,1080.7726,155,39802.0,cephalexin,Keflex,500 MG,CAPSULE,40.0,85.0,30.0,90.0,0.243106,0.094042,,0.025671,0.828335,,0.20507,0.18464,0.15547,0.4074,0.0858,1.0,1.0,1.0,1.0,1.5,,,,,,,,,,,,,,,7815.0,31.0,0.99604894213612,0.00395105786387968,153.0,0.0,1.0,1.0
7,39802,180704,9043,1,blink,True,N/A,223,-485.55667,223,1415.25333,215,39802.0,cephalexin,Keflex,500 MG,CAPSULE,40.0,85.0,30.0,90.0,0.243106,0.094042,,0.025671,0.828335,,0.20507,0.18464,0.15547,0.4074,0.0858,1.0,1.0,1.0,1.0,1.5,,,,,,,,,,,,,,,7815.0,31.0,0.99604894213612,0.00395105786387968,153.0,0.0,1.0,1.0
8,23832,247613,40911,1,blink,True,N/A,111,-692.235,111,3214.325,74,23832.0,telmisartan,Micardis,80 MG,TABLET,30.0,151.0,30.0,90.0,0.445,0.445,,7.65,7.65,,0.56771,0.5431,0.47132,1.17553,0.38266,1.0,1.0,1.0,1.0,1.5,,,,,,30.0,90.0,20.77,45.52,35.17,70.98,35.17,70.98,2019-12-24,1307.0,482.0,0.730575740637228,0.269424259362772,36.0,16.0,0.692307692307692,0.692307692307692
9,39182,586784,74511,1,blink,True,N/A,1,-640.3614,1,476.1586,1,,,,,,,,,,,,,,,,,,,,,,,,,,,,,,,,,,,,,,,,,,,,,,,
10,92121,239455,44210,2,supersaver,True,N/A,45,-312.08055,45,983.46945,25,92121.0,buspirone hcl,BuSpar,30 MG,TABLET,60.0,70.0,60.0,180.0,0.84019,0.267395,0.419167,2.933675,1.176327,3.05,0.32725,0.31378,0.27263,0.68552,0.22315,1.0,1.0,1.0,1.0,1.5,,,,,,60.0,180.0,31.63,65.34,32.45,65.34,32.45,65.34,2019-12-24,1133.0,90.0,0.926410466067048,0.0735895339329518,37.0,4.0,0.902439024390244,0.902439024390244
11,45062,195418,21140,1,blink,True,N/A,73,-1151.39874,73,1075.05126,52,45062.0,bisoprolol/hydrochlorothiazide,Ziac,5-6.25MG,TABLET,30.0,177.0,30.0,90.0,0.200596,0.113602,,2.482127,0.341945,,0.52631,0.50291,0.43617,1.08331,0.35264,1.0,1.0,1.0,1.0,1.5,,,,,,30.0,90.0,4.0,10.0,12.33,36.4,12.33,36.4,2019-12-24,628.0,533.0,0.540913006029285,0.459086993970715,24.0,24.0,0.5,0.5
12,45062,187815,21140,2,supersaver,True,N/A,10,-313.69931,10,71.58069,6,45062.0,bisoprolol/hydrochlorothiazide,Ziac,5-6.25MG,TABLET,30.0,177.0,30.0,90.0,0.200596,0.113602,,2.482127,0.341945,,0.52631,0.50291,0.43617,1.08331,0.35264,1.0,1.0,1.0,1.0,1.5,,,,,,30.0,90.0,4.0,10.0,12.33,36.4,12.33,36.4,2019-12-24,628.0,533.0,0.540913006029285,0.459086993970715,24.0,24.0,0.5,0.5
13,45062,195418,21140,2,supersaver,True,N/A,29,-1167.84087,29,271.76913,24,45062.0,bisoprolol/hydrochlorothiazide,Ziac,5-6.25MG,TABLET,30.0,177.0,30.0,90.0,0.200596,0.113602,,2.482127,0.341945,,0.52631,0.50291,0.43617,1.08331,0.35264,1.0,1.0,1.0,1.0,1.5,,,,,,30.0,90.0,4.0,10.0,12.33,36.4,12.33,36.4,2019-12-24,628.0,533.0,0.540913006029285,0.459086993970715,24.0,24.0,0.5,0.5
14,43722,154892,29969,1,blink,True,N/A,1025,-807.98644,1025,15771.71356,839,43722.0,atorvastatin calcium,Lipitor,40 MG,TABLET,30.0,3.0,30.0,90.0,0.183333,0.131,0.141667,3.4,4.06,2.74,0.14904,0.14192,0.12286,0.3013,0.09808,1.0,1.0,1.0,1.0,1.5,30.0,90.0,9.0,24.0,1.0,30.0,90.0,8.25,20.0,15.0,38.0,15.0,38.0,2019-12-24,22233.0,15401.0,0.590768985491843,0.409231014508158,415.0,481.0,0.463169642857143,0.463169642857143
15,14853,286047,38686,1,blink,True,N/A,1303,-4899.78705,1303,9736.20295,1039,14853.0,losartan potassium,Cozaar,100 MG,TABLET,30.0,12.0,30.0,90.0,0.1,0.080493,0.088333,0.9,1.205015,2.15,0.15305,0.14562,0.12601,0.2454,0.10029,1.0,1.0,1.0,1.0,1.5,30.0,90.0,4.0,10.0,1.0,30.0,90.0,6.43,13.28,9.0,24.0,9.0,24.0,2019-12-24,18370.0,13093.0,0.583860407462734,0.416139592537266,342.0,437.0,0.439024390243902,0.439024390243902
16,14853,286047,38686,2,supersaver,True,N/A,402,-1041.73499,402,2732.18501,328,14853.0,losartan potassium,Cozaar,100 MG,TABLET,30.0,12.0,30.0,90.0,0.1,0.080493,0.088333,0.9,1.205015,2.15,0.15305,0.14562,0.12601,0.2454,0.10029,1.0,1.0,1.0,1.0,1.5,30.0,90.0,4.0,10.0,1.0,30.0,90.0,6.43,13.28,9.0,24.0,9.0,24.0,2019-12-24,18370.0,13093.0,0.583860407462734,0.416139592537266,342.0,437.0,0.439024390243902,0.439024390243902
17,40410,181611,9226,1,blink,True,N/A,46,-475.11288,46,1614.58712,32,40410.0,minocycline hcl,Minocin,100 MG,CAPSULE,60.0,149.0,60.0,90.0,0.694718,0.458084,0.625833,1.602234,1.064968,2.95,0.627984496124031,0.576055555555556,0.519074074074074,1.24045126353791,0.411861111111111,1.0,1.0,1.0,1.0,1.5,,,,,,60.0,90.0,34.91,48.16,43.71,55.45,43.71,55.45,2019-12-24,2334.0,167.0,0.933226709316273,0.0667732906837265,30.0,5.0,0.857142857142857,0.857142857142857
18,40410,181611,9226,2,supersaver,True,N/A,37,-433.32752,37,969.77248,25,40410.0,minocycline hcl,Minocin,100 MG,CAPSULE,60.0,149.0,60.0,90.0,0.694718,0.458084,0.625833,1.602234,1.064968,2.95,0.627984496124031,0.576055555555556,0.519074074074074,1.24045126353791,0.411861111111111,1.0,1.0,1.0,1.0,1.5,,,,,,60.0,90.0,34.91,48.16,43.71,55.45,43.71,55.45,2019-12-24,2334.0,167.0,0.933226709316273,0.0667732906837265,30.0,5.0,0.857142857142857,0.857142857142857
19,26325,266937,6656,2,supersaver,False,Last Started Date : 2019-12-12,42,-1460.97855,42,364.58145,34,26325.0,levothyroxine sodium,Synthroid,200 MCG,TABLET,30.0,29.0,30.0,90.0,0.734904,0.42667,0.69,1.938371,0.67992,2.9,0.68615,0.65654,0.56983,0.10333,0.46299,1.0,1.0,1.0,1.0,1.5,30.0,90.0,4.0,10.0,1.0,30.0,90.0,4.0,10.0,4.0,10.0,4.0,10.0,2019-12-24,677.0,356.0,0.655372700871249,0.344627299128751,15.0,6.0,0.714285714285714,0.714285714285714
20,26320,296237,6652,2,supersaver,False,Last Started Date : 2019-12-12,119,-3669.09125,119,1198.06875,93,26320.0,levothyroxine sodium,Synthroid,112 MCG,TABLET,90.0,29.0,30.0,90.0,0.650205,0.38008,0.606667,1.696338,0.6725,3.0,0.60155,0.57421,0.49773,0.10333,0.4009,1.0,1.0,1.0,1.0,1.5,30.0,90.0,4.0,10.0,1.0,30.0,90.0,4.0,10.0,4.0,10.0,4.0,10.0,2019-12-24,1106.0,856.0,0.563710499490316,0.436289500509684,25.0,30.0,0.454545454545455,0.454545454545455
21,26320,270806,6652,2,supersaver,False,Last Started Date : 2019-12-12,10,-383.11415,10,116.88585,9,26320.0,levothyroxine sodium,Synthroid,112 MCG,TABLET,90.0,29.0,30.0,90.0,0.650205,0.38008,0.606667,1.696338,0.6725,3.0,0.60155,0.57421,0.49773,0.10333,0.4009,1.0,1.0,1.0,1.0,1.5,30.0,90.0,4.0,10.0,1.0,30.0,90.0,4.0,10.0,4.0,10.0,4.0,10.0,2019-12-24,1106.0,856.0,0.563710499490316,0.436289500509684,25.0,30.0,0.454545454545455,0.454545454545455
22,10770,225034,3204,2,supersaver,False,Last Started Date : 2019-12-20,77,-313.6312,77,636.6188,57,10770.0,estradiol,Estrace,1 MG,TABLET,30.0,81.0,30.0,90.0,0.1825,0.1451,0.0938,1.094,1.2975,3.3848,0.15362,0.14535,0.1254,0.30029,0.09775,1.0,1.0,1.0,1.0,1.5,,,,,,30.0,90.0,3.98,10.0,6.24,17.47,6.24,17.47,2019-12-24,2483.0,1251.0,0.664970540974826,0.335029459025174,63.0,52.0,0.547826086956522,0.547826086956522
23,16393,239308,46243,2,supersaver,True,N/A,70,-469.43719,70,501.52281,47,16393.0,trazodone hcl,Desyrel,150 MG,TABLET,30.0,41.0,30.0,90.0,0.1,0.097989,0.0875,0.9,0.760332,0.875,0.20814,0.19916,0.17286,0.10333,0.14045,1.0,1.0,1.0,1.0,1.5,30.0,90.0,4.0,10.0,1.0,30.0,90.0,4.0,10.0,4.0,10.0,4.0,10.0,2019-12-24,2581.0,670.0,0.793909566287296,0.206090433712704,61.0,31.0,0.66304347826087,0.66304347826087
24,16393,239308,46243,1,blink,True,N/A,135,-340.98,135,825.0,93,16393.0,trazodone hcl,Desyrel,150 MG,TABLET,30.0,41.0,30.0,90.0,0.1,0.097989,0.0875,0.9,0.760332,0.875,0.20814,0.19916,0.17286,0.10333,0.14045,1.0,1.0,1.0,1.0,1.5,30.0,90.0,4.0,10.0,1.0,30.0,90.0,4.0,10.0,4.0,10.0,4.0,10.0,2019-12-24,2581.0,670.0,0.793909566287296,0.206090433712704,61.0,31.0,0.66304347826087,0.66304347826087
25,47125,229173,22650,1,blink,True,N/A,37,-470.11333,37,657.11667,26,47125.0,terazosin hcl,Hytrin,2 MG,CAPSULE,90.0,163.0,30.0,90.0,0.171582,0.08666,,2.317531,1.190192,,0.21718,0.20802,0.18065,0.45257,0.14732,1.0,1.0,1.0,1.0,1.5,,,,,,30.0,90.0,10.83,21.21,10.83,29.54,10.83,29.54,2019-12-24,328.0,345.0,0.487369985141159,0.512630014858841,5.0,7.0,0.416666666666667,0.416666666666667
26,47125,229173,22650,2,supersaver,True,N/A,21,-344.77381,21,256.37619,21,47125.0,terazosin hcl,Hytrin,2 MG,CAPSULE,90.0,163.0,30.0,90.0,0.171582,0.08666,,2.317531,1.190192,,0.21718,0.20802,0.18065,0.45257,0.14732,1.0,1.0,1.0,1.0,1.5,,,,,,30.0,90.0,10.83,21.21,10.83,29.54,10.83,29.54,2019-12-24,328.0,345.0,0.487369985141159,0.512630014858841,5.0,7.0,0.416666666666667,0.416666666666667
27,16513,288365,46044,2,supersaver,True,N/A,86,-2839.88528,86,1223.81472,60,16513.0,amitriptyline hcl,Elavil,100 MG,TABLET,30.0,93.0,30.0,90.0,1.474421,0.505,0.82,2.405879,4.8,3.0,0.69737,0.66852,0.58079,1.45924,0.47501,1.0,1.0,1.0,1.0,1.5,,,,,,30.0,90.0,21.0,57.0,21.0,57.0,21.0,57.0,2019-12-24,633.0,247.0,0.719318181818182,0.280681818181818,22.0,7.0,0.758620689655172,0.758620689655172
28,16513,217519,46044,2,supersaver,True,N/A,18,-434.51313,18,172.84687,12,16513.0,amitriptyline hcl,Elavil,100 MG,TABLET,30.0,93.0,30.0,90.0,1.474421,0.505,0.82,2.405879,4.8,3.0,0.69737,0.66852,0.58079,1.45924,0.47501,1.0,1.0,1.0,1.0,1.5,,,,,,30.0,90.0,21.0,57.0,21.0,57.0,21.0,57.0,2019-12-24,633.0,247.0,0.719318181818182,0.280681818181818,22.0,7.0,0.758620689655172,0.758620689655172
29,26532,187634,16577,1,blink,True,N/A,135,-377.54,135,1063.0,112,26532.0,simvastatin,Zocor,10 MG,TABLET,90.0,24.0,30.0,90.0,0.1,0.084833,0.0875,0.9,1.355,0.875,0.08731,0.07912,0.06665,0.219,0.04303,1.0,1.0,1.0,1.0,1.5,30.0,90.0,4.0,10.0,1.0,30.0,90.0,3.98,9.98,9.0,24.0,9.0,24.0,2019-12-24,2472.0,2350.0,0.512650352550809,0.487349647449191,41.0,59.0,0.41,0.41
30,32821,280037,7856,2,supersaver,True,N/A,82,-529.89835,82,449.49165,65,32821.0,timolol maleate,Timoptic,0.5 %,DROPS,1.0,193.0,5.0,15.0,1.729502,0.488635,,1.858898,0.535665,,1.12998,1.06913,0.9224,2.20884,0.71902,1.0,1.0,1.0,1.0,1.5,,,,,,,,,,,,,,,1387.0,303.0,0.820710059171598,0.179289940828402,51.0,10.0,0.836065573770492,0.836065573770492
31,4750,291935,34469,2,supersaver,True,N/A,30,-385.61066,30,652.37934,26,4750.0,irbesartan,Avapro,300 MG,TABLET,30.0,123.0,30.0,90.0,0.453916,0.271978,0.296667,2.744608,1.900649,2.8,0.44012,0.42178,0.36637,0.91947,0.29931,1.0,1.0,1.0,1.0,1.5,30.0,90.0,9.0,24.0,1.0,30.0,90.0,9.0,21.93,9.0,24.0,9.0,24.0,2019-12-24,1457.0,1056.0,0.579785117389574,0.420214882610426,13.0,26.0,0.333333333333333,0.333333333333333
32,63821,213587,17956,2,supersaver,True,N/A,36,-944.97214,36,707.17786,28,63821.0,bisoprolol fumarate,Zebeta,5 MG,TABLET,30.0,199.0,30.0,90.0,0.676597,0.253985,,2.932481,1.130437,,0.62455,0.59795,0.51913,1.29842,0.42266,1.0,1.0,1.0,1.0,1.5,30.0,90.0,9.0,24.0,1.0,30.0,90.0,9.0,24.0,9.0,24.0,9.0,24.0,2019-12-24,784.0,384.0,0.671232876712329,0.328767123287671,13.0,13.0,0.5,0.5
33,18011,212461,4680,2,supersaver,False,Last Started Date : 2019-12-07,86,-1238.92302,86,1246.26698,48,18011.0,baclofen,Lioresal,20 MG,TABLET,90.0,115.0,90.0,270.0,0.466054,0.25957,0.241111,3.054326,0.599,3.0,0.25445,0.24418,0.21225,0.53525,0.17423,1.0,1.0,1.0,1.0,1.5,,,,,,90.0,270.0,31.2,73.34,38.28,73.34,38.28,73.34,2019-12-24,1826.0,135.0,0.931157572667007,0.0688424273329934,42.0,2.0,0.954545454545455,0.954545454545455
34,70136,156210,4169,1,blink,True,N/A,83,-302.01192,83,2471.82808,43,70136.0,acetaminophen with codeine,Tylenol-Codeine #4,300MG-60MG,TABLET,120.0,89.0,90.0,,0.397605,,,2.279254,,,0.27247,0.26043,0.2259,0.56163,0.18282,1.0,1.0,1.0,1.0,1.5,,,,,,,,,,,,,,,1541.0,3.0,0.998056994818653,0.00194300518134715,42.0,0.0,1.0,1.0
35,47126,154750,22651,2,supersaver,True,N/A,30,-303.09788,30,283.78212,22,47126.0,terazosin hcl,Hytrin,5 MG,CAPSULE,90.0,163.0,30.0,90.0,0.140936,0.097716,,1.815684,0.925539,,0.19119,0.1831,0.15898,0.39804,0.12957,1.0,1.0,1.0,1.0,1.5,,,,,,30.0,90.0,8.45,16.35,11.76,31.29,11.76,31.29,2019-12-24,511.0,704.0,0.420576131687243,0.579423868312757,8.0,24.0,0.25,0.25
36,47126,154750,22651,1,blink,True,N/A,61,-938.7504,61,874.6296,55,47126.0,terazosin hcl,Hytrin,5 MG,CAPSULE,90.0,163.0,30.0,90.0,0.140936,0.097716,,1.815684,0.925539,,0.19119,0.1831,0.15898,0.39804,0.12957,1.0,1.0,1.0,1.0,1.5,,,,,,30.0,90.0,8.45,16.35,11.76,31.29,11.76,31.29,2019-12-24,511.0,704.0,0.420576131687243,0.579423868312757,8.0,24.0,0.25,0.25
37,47127,289479,22652,1,blink,True,N/A,37,-464.97498,37,555.64502,31,47127.0,terazosin hcl,Hytrin,10 MG,CAPSULE,90.0,163.0,30.0,90.0,0.17016,0.094789,,2.140463,1.208923,,0.23232,0.22261,0.19335,0.48499,0.15787,1.0,1.0,1.0,1.0,1.5,,,,,,30.0,90.0,6.92,11.75,12.89,34.68,12.89,34.68,2019-12-24,180.0,372.0,0.326086956521739,0.673913043478261,6.0,17.0,0.260869565217391,0.260869565217391
38,97005,545909,61205,1,blink,True,N/A,3,-1561.00665,3,13902.19335,1,,,,,,,,,,,,,,,,,,,,,,,,,,,,,,,,,,,,,,,,,,,,,,,
39,56972,157658,34359,2,supersaver,True,N/A,387,-1275.23532,387,14360.63468,225,56972.0,dextroamphetamine/amphetamine,Adderall,30 MG,TABLET,60.0,18.0,60.0,90.0,0.827438,0.546125,,4.291229,2.859756,,0.61099,0.5823,0.50433,1.24087,0.40393,1.0,1.0,1.0,1.0,1.5,,,,,,60.0,90.0,31.84,43.15,33.11,45.19,31.84,43.15,2020-01-03,14463.0,222.0,0.98488253319714,0.0151174668028601,277.0,4.0,0.98576512455516,0.98576512455516
40,26322,237361,6649,2,supersaver,False,Last Started Date : 2019-12-12,270,-3953.65879,270,2351.68121,207,26322.0,levothyroxine sodium,Synthroid,50 MCG,TABLET,90.0,29.0,30.0,90.0,0.4882,0.25183,0.37,1.876813,0.745,2.8,0.38268,0.36565,0.31712,0.10333,0.25636,1.0,1.0,1.0,1.0,1.5,30.0,90.0,4.0,10.0,1.0,30.0,90.0,4.0,9.82,4.0,9.82,4.0,9.82,2019-12-24,4133.0,2673.0,0.607258301498678,0.392741698501322,99.0,84.0,0.540983606557377,0.540983606557377
41,26322,257084,6649,2,supersaver,False,Last Started Date : 2019-12-12,35,-503.71003,35,270.99997,27,26322.0,levothyroxine sodium,Synthroid,50 MCG,TABLET,90.0,29.0,30.0,90.0,0.4882,0.25183,0.37,1.876813,0.745,2.8,0.38268,0.36565,0.31712,0.10333,0.25636,1.0,1.0,1.0,1.0,1.5,30.0,90.0,4.0,10.0,1.0,30.0,90.0,4.0,9.82,4.0,9.82,4.0,9.82,2019-12-24,4133.0,2673.0,0.607258301498678,0.392741698501322,99.0,84.0,0.540983606557377,0.540983606557377
42,18010,234935,4679,2,supersaver,False,Last Started Date : 2019-12-07,141,-1756.57518,141,1134.66482,101,18010.0,baclofen,Lioresal,10 MG,TABLET,90.0,115.0,90.0,270.0,0.280073,0.14839,0.132778,2.970265,0.7029,2.85,0.13072,0.12405,0.10719,0.25958,0.0845,1.0,1.0,1.0,1.0,1.5,,,,,,90.0,270.0,10.0,29.0,25.47,42.48,25.47,42.48,2019-12-24,3528.0,369.0,0.905311778290993,0.0946882217090069,89.0,14.0,0.864077669902913,0.864077669902913
43,7221,206268,23139,1,blink,True,N/A,2419,-815.1105,2419,24757.0295,1367,7221.0,tramadol hcl,Ultram,50 MG,TABLET,60.0,20.0,120.0,180.0,0.083847,,,2.081338,,,0.06676,0.05844,0.04825,0.0784,0.02552,1.0,1.0,1.0,1.0,1.5,,,,,,120.0,180.0,11.53,13.1,32.9,44.85,32.9,44.85,2019-12-24,46808.0,792.0,0.983361344537815,0.0166386554621849,876.0,11.0,0.987598647125141,0.987598647125141
44,16515,223886,46046,2,supersaver,True,N/A,95,-695.49196,95,800.00804,72,16515.0,amitriptyline hcl,Elavil,25 MG,TABLET,30.0,93.0,30.0,90.0,0.428637,0.102843,0.21,2.688193,0.664607,2.6,0.18784,0.17972,0.15598,0.10333,0.12671,1.0,1.0,1.0,1.0,1.5,30.0,90.0,4.0,10.0,1.0,30.0,90.0,4.0,10.0,4.0,10.0,4.0,10.0,2019-12-24,2198.0,462.0,0.826315789473684,0.173684210526316,57.0,18.0,0.76,0.76
45,32480,251749,364,1,blink,True,N/A,17,-659.20032,17,230.87968,12,32480.0,guanfacine hcl,Tenex,1 MG,TABLET,30.0,157.0,30.0,90.0,0.192768,0.088108,,2.355255,1.096754,,0.72539,0.69219,0.59989,1.48261,0.48262,1.0,1.0,1.0,1.0,1.5,,,,,,30.0,90.0,4.0,10.0,11.78,22.84,10.52,10.02,2020-01-03,402.0,63.0,0.864516129032258,0.135483870967742,13.0,2.0,0.866666666666667,0.866666666666667
46,32480,251749,364,2,supersaver,True,N/A,10,-843.99318,10,124.62682,6,32480.0,guanfacine hcl,Tenex,1 MG,TABLET,30.0,157.0,30.0,90.0,0.192768,0.088108,,2.355255,1.096754,,0.72539,0.69219,0.59989,1.48261,0.48262,1.0,1.0,1.0,1.0,1.5,,,,,,30.0,90.0,4.0,10.0,11.78,22.84,10.52,10.02,2020-01-03,402.0,63.0,0.864516129032258,0.135483870967742,13.0,2.0,0.866666666666667,0.866666666666667
47,32480,286502,364,1,blink,True,N/A,10,-433.60748,10,156.56252,6,32480.0,guanfacine hcl,Tenex,1 MG,TABLET,30.0,157.0,30.0,90.0,0.192768,0.088108,,2.355255,1.096754,,0.72539,0.69219,0.59989,1.48261,0.48262,1.0,1.0,1.0,1.0,1.5,,,,,,30.0,90.0,4.0,10.0,11.78,22.84,10.52,10.02,2020-01-03,402.0,63.0,0.864516129032258,0.135483870967742,13.0,2.0,0.866666666666667,0.866666666666667
48,21817,467914,54009,2,supersaver,True,N/A,14,-441.18768,14,202.46232,9,21817.0,mirtazapine,,7.5 MG,TABLET,30.0,78.0,30.0,90.0,2.470179,0.411062,1.193333,2.153544,0.368037,2.9,1.26385,1.2133,1.05486,2.66367,0.86708,1.0,1.0,1.0,1.0,1.5,,,,,,30.0,90.0,13.17,24.08,27.49,64.63,27.49,64.63,2019-12-24,169.0,6.0,0.965714285714286,0.0342857142857143,5.0,0.0,1.0,1.0
49,781,258949,21414,1,blink,True,N/A,1935,-1457.33412,1935,30748.35588,1220,781.0,gabapentin,Neurontin,300 MG,CAPSULE,90.0,5.0,90.0,270.0,0.106466,0.087086,,1.818061,1.902291,,0.0776,0.0738,0.06384,0.1558,0.05072,1.0,1.0,1.0,1.0,1.5,,,,,,,,,,,,,,,39791.0,5996.0,0.869045799025924,0.130954200974076,764.0,172.0,0.816239316239316,0.816239316239316
50,10772,271418,21411,1,blink,False,Last Started Date : 2019-12-20,102,-685.1224,102,651.9776,77,10772.0,estradiol,Estrace,0.5 MG,TABLET,30.0,81.0,30.0,90.0,0.2431,0.1917,0.139,1.1078,1.2,3.2798,0.18665770609319,0.17445,0.154634655532359,0.340225988700565,0.121835032437442,1.0,1.0,1.0,1.0,1.5,30.0,90.0,4.0,10.0,1.0,30.0,90.0,4.4,9.49,8.02,16.06,8.02,16.06,2019-12-24,1336.0,920.0,0.592198581560284,0.407801418439716,46.0,39.0,0.541176470588235,0.541176470588235
51,10772,271418,21411,3,delivery,False,Last Started Date : 2019-12-20,92,-330.067,92,556.373,68,10772.0,estradiol,Estrace,0.5 MG,TABLET,30.0,81.0,30.0,90.0,0.2431,0.1917,0.139,1.1078,1.2,3.2798,0.18665770609319,0.17445,0.154634655532359,0.340225988700565,0.121835032437442,1.0,1.0,1.0,1.0,1.5,30.0,90.0,4.0,10.0,1.0,30.0,90.0,4.4,9.49,8.02,16.06,8.02,16.06,2019-12-24,1336.0,920.0,0.592198581560284,0.407801418439716,46.0,39.0,0.541176470588235,0.541176470588235
52,16517,174219,46048,2,supersaver,True,N/A,29,-1029.9528,29,207.8272,18,16517.0,amitriptyline hcl,Elavil,75 MG,TABLET,30.0,93.0,30.0,90.0,0.945904,0.115897,0.691667,2.165892,0.272976,2.95,0.68233,0.65392,0.56803,0.10333,0.46413,1.0,1.0,1.0,1.0,1.5,30.0,90.0,4.0,10.0,1.0,30.0,90.0,4.0,10.0,4.0,10.0,4.0,10.0,2019-12-24,340.0,89.0,0.792540792540793,0.207459207459207,10.0,4.0,0.714285714285714,0.714285714285714
53,64316,290971,17871,1,blink,False,Last Started Date : 2019-12-20,305,-393.95822,305,3242.59178,204,64316.0,lamotrigine,Lamictal,100 MG,TABLET,30.0,28.0,30.0,90.0,0.1337,0.1061,0.0983,3.8399,3.9105,5.9498,0.09079,0.08503,0.07296,0.27,0.05464,1.0,1.0,1.0,1.0,1.5,30.0,90.0,4.0,10.0,1.0,30.0,90.0,7.88,14.95,9.0,24.0,9.0,24.0,2019-12-24,10468.0,1590.0,0.868137336208326,0.131862663791674,178.0,45.0,0.798206278026906,0.798206278026906
54,782,187428,21415,1,blink,True,N/A,359,-664.3589,359,6262.5811,215,782.0,gabapentin,Neurontin,400 MG,CAPSULE,90.0,5.0,90.0,270.0,0.120251,0.114971,,1.737407,1.982505,,0.09539,0.0915,0.07952,0.20028,0.06519,1.0,1.0,1.0,1.0,1.5,,,,,,90.0,270.0,15.28,29.03,22.25,36.09,22.25,36.09,2019-12-24,7820.0,794.0,0.907824471790109,0.0921755282098909,144.0,24.0,0.857142857142857,0.857142857142857
55,7071,266145,2536,2,supersaver,True,N/A,233,-1187.5004,233,1923.4096,196,7071.0,allopurinol,Zyloprim,300 MG,TABLET,30.0,97.0,30.0,90.0,0.449422,0.09909,0.171667,3.349244,0.767086,2.65,0.15972,0.1528,0.1326,0.3307,0.10765,1.0,1.0,1.0,1.0,1.5,,,,,,30.0,90.0,4.0,10.0,8.26,16.34,8.26,16.34,2019-12-24,2009.0,2275.0,0.468954248366013,0.531045751633987,66.0,99.0,0.4,0.4
56,13943,265723,3728,2,supersaver,True,N/A,100,-498.39132,100,739.79868,73,13943.0,hydroxyzine hcl,Atarax,25 MG,TABLET,30.0,107.0,60.0,90.0,0.166328,0.077934,,2.574147,1.230292,,0.1393,0.13065,0.11219,0.25958,0.0845,1.0,1.0,1.0,1.0,1.5,,,,,,60.0,90.0,7.78,10.72,7.78,10.74,7.78,10.74,2019-12-24,3964.0,294.0,0.930953499295444,0.0690465007045561,80.0,5.0,0.941176470588235,0.941176470588235
57,10771,261937,3205,3,delivery,False,Last Started Date : 2019-12-20,90,-403.201,90,726.639,52,10771.0,estradiol,Estrace,2 MG,TABLET,90.0,81.0,30.0,90.0,0.2047,0.1622,0.0979,1.9047,1.85,1.1395,0.15342,0.14649,0.127,0.31462,0.10241,1.0,1.0,1.0,1.0,1.5,,,,,,30.0,90.0,3.99,9.99,8.25,20.0,8.25,20.0,2019-12-24,1243.0,500.0,0.713138267355135,0.286861732644865,54.0,24.0,0.692307692307692,0.692307692307692
58,10810,155744,13318,3,delivery,True,N/A,987,-3775.22,987,0.0,589,10810.0,metformin hcl,Glucophage,500 MG,TABLET,60.0,8.0,60.0,180.0,0.026585,0.026585,0.0,2.404905,2.404905,0.0,0.03724,0.0339,0.02863,0.05167,0.0189,1.0,1.0,1.0,1.0,1.5,60.0,180.0,4.0,10.0,1.0,60.0,180.0,4.0,8.62,4.0,8.62,4.0,8.62,2019-12-24,20392.0,11932.0,0.630862517015221,0.369137482984779,470.0,314.0,0.599489795918367,0.599489795918367
59,10810,155744,13318,1,blink,True,N/A,838,-602.25707,838,4999.64293,641,10810.0,metformin hcl,Glucophage,500 MG,TABLET,60.0,8.0,60.0,180.0,0.026585,0.026585,0.0,2.404905,2.404905,0.0,0.03724,0.0339,0.02863,0.05167,0.0189,1.0,1.0,1.0,1.0,1.5,60.0,180.0,4.0,10.0,1.0,60.0,180.0,4.0,8.62,4.0,8.62,4.0,8.62,2019-12-24,20392.0,11932.0,0.630862517015221,0.369137482984779,470.0,314.0,0.599489795918367,0.599489795918367
60,16818,244490,46405,1,blink,True,N/A,359,-578.48718,359,5140.89282,243,16818.0,venlafaxine hcl,Effexor XR,150 MG,CAP ER 24H,30.0,16.0,30.0,90.0,0.25,0.25,,1.4,1.4,,0.34036,0.32538,0.28228,0.70236,0.22863,1.0,1.0,1.0,1.0,1.5,30.0,90.0,9.0,24.0,1.0,30.0,90.0,9.0,24.6,9.0,24.6,9.0,24.6,2019-12-24,19740.0,4305.0,0.820960698689956,0.179039301310044,295.0,122.0,0.707434052757794,0.707434052757794
61,16818,193691,46405,1,blink,True,N/A,547,-1076.3,547,8752.55,377,16818.0,venlafaxine hcl,Effexor XR,150 MG,CAP ER 24H,30.0,16.0,30.0,90.0,0.25,0.25,,1.4,1.4,,0.34036,0.32538,0.28228,0.70236,0.22863,1.0,1.0,1.0,1.0,1.5,30.0,90.0,9.0,24.0,1.0,30.0,90.0,9.0,24.6,9.0,24.6,9.0,24.6,2019-12-24,19740.0,4305.0,0.820960698689956,0.179039301310044,295.0,122.0,0.707434052757794,0.707434052757794
62,16818,193691,46405,2,supersaver,True,N/A,129,-476.39,129,2036.35,91,16818.0,venlafaxine hcl,Effexor XR,150 MG,CAP ER 24H,30.0,16.0,30.0,90.0,0.25,0.25,,1.4,1.4,,0.34036,0.32538,0.28228,0.70236,0.22863,1.0,1.0,1.0,1.0,1.5,30.0,90.0,9.0,24.0,1.0,30.0,90.0,9.0,24.6,9.0,24.6,9.0,24.6,2019-12-24,19740.0,4305.0,0.820960698689956,0.179039301310044,295.0,122.0,0.707434052757794,0.707434052757794
63,13844,299225,48400,2,supersaver,True,N/A,42,-509.49022,42,918.16978,29,13844.0,valsartan,Diovan,160 MG,TABLET,30.0,71.0,30.0,90.0,0.507827,0.295071,0.515,4.427299,2.604288,2.95,0.49098,0.47045,0.40862,1.02501,0.33366,1.0,1.0,1.0,1.0,1.5,,,,,,30.0,90.0,17.88,36.84,24.52,48.61,24.52,48.61,2019-12-24,3224.0,1149.0,0.737251314886805,0.262748685113195,40.0,16.0,0.714285714285714,0.714285714285714
64,4348,259872,33530,1,blink,True,N/A,682,-585.26294,682,9276.73706,546,4348.0,omeprazole,Prilosec,20 MG,CAPSULE DR,30.0,17.0,30.0,90.0,0.153781,0.082486,0.091667,2.32256,1.265416,2.25,0.0934,0.08601,0.07312,0.15655,0.05096,1.0,1.0,1.0,1.0,1.5,30.0,90.0,9.0,24.0,1.0,30.0,90.0,3.98,10.37,15.0,37.4,15.0,37.4,2019-12-24,14465.0,10759.0,0.573461782429432,0.426538217570568,311.0,302.0,0.507340946166395,0.507340946166395
65,14854,218840,40923,2,supersaver,True,N/A,105,-333.36859,105,933.61141,90,14854.0,losartan/hydrochlorothiazide,Hyzaar,100MG-25MG,TABLET,30.0,34.0,30.0,90.0,0.277357,0.112251,,3.320202,1.382478,,0.15061,0.14226,0.12262,0.29175,0.09497,1.0,1.0,1.0,1.0,1.5,,,,,,30.0,90.0,8.59,17.81,15.61,23.32,15.61,23.32,2019-12-24,8432.0,4335.0,0.660452729693742,0.339547270306258,35.0,33.0,0.514705882352941,0.514705882352941
66,64325,229897,22551,1,blink,False,Last Started Date : 2019-12-20,169,-322.0778,169,1339.1822,106,64325.0,lamotrigine,Lamictal,200 MG,TABLET,30.0,28.0,30.0,90.0,0.1651,0.1259,0.1386,3.9974,4.3245,4.742,0.12786,0.1206,0.10387,0.27,0.08,1.0,1.0,1.0,1.0,1.5,30.0,90.0,4.0,10.0,1.0,30.0,90.0,9.0,17.39,9.0,24.0,9.0,24.0,2019-12-24,10890.0,1759.0,0.860937623527552,0.139062376472448,188.0,39.0,0.828193832599119,0.828193832599119
67,64325,163790,22551,1,blink,False,Last Started Date : 2019-12-20,306,-664.1281,306,2627.2419,195,64325.0,lamotrigine,Lamictal,200 MG,TABLET,30.0,28.0,30.0,90.0,0.1651,0.1259,0.1386,3.9974,4.3245,4.742,0.12786,0.1206,0.10387,0.27,0.08,1.0,1.0,1.0,1.0,1.5,30.0,90.0,4.0,10.0,1.0,30.0,90.0,9.0,17.39,9.0,24.0,9.0,24.0,2019-12-24,10890.0,1759.0,0.860937623527552,0.139062376472448,188.0,39.0,0.828193832599119,0.828193832599119
68,13838,247725,48399,1,blink,True,N/A,84,-765.41191,84,2915.11809,48,13838.0,valsartan,Diovan,320 MG,TABLET,30.0,71.0,30.0,90.0,0.675197,0.429997,0.643333,4.425614,2.848549,3.0,0.80047,0.76794,0.66742,1.68138,0.54732,1.0,1.0,1.0,1.0,1.5,,,,,,30.0,90.0,20.87,45.81,30.27,66.37,30.27,66.37,2019-12-24,2909.0,968.0,0.750322414237813,0.249677585762187,31.0,10.0,0.75609756097561,0.75609756097561
69,26328,157529,6655,2,supersaver,False,Last Started Date : 2019-12-12,83,-2646.12091,83,790.83909,60,26328.0,levothyroxine sodium,Synthroid,175 MCG,TABLET,30.0,29.0,30.0,90.0,0.768761,0.467,0.755,1.593258,0.64985,3.15,0.7587,0.72479,0.62853,0.10333,0.50773,1.0,1.0,1.0,1.0,1.5,30.0,90.0,4.0,10.0,1.0,30.0,90.0,4.0,10.0,4.0,10.0,4.0,10.0,2019-12-24,758.0,481.0,0.611783696529459,0.388216303470541,23.0,16.0,0.58974358974359,0.58974358974359
70,16514,170878,46045,2,supersaver,True,N/A,20,-1137.11398,20,489.47602,15,16514.0,amitriptyline hcl,Elavil,150 MG,TABLET,30.0,93.0,30.0,90.0,2.119142,0.567,1.495,1.693441,5.33,3.05,1.606,1.53858,1.33622,3.3497,1.09039,1.0,1.0,1.0,1.0,1.5,,,,,,30.0,90.0,23.72,57.56,23.72,57.56,23.72,57.56,2019-12-24,160.0,49.0,0.76555023923445,0.23444976076555,3.0,1.0,0.75,0.75
71,20876,553594,53407,1,blink,True,N/A,44,-855.42214,44,8365.92786,30,,,,,,,,,,,,,,,,,,,,,,,,,,,,,,,,,,,,,,,,,,,,,,,
72,31164,569730,68390,1,blink,False,Last Started Date : 2019-12-09,55,-5814.63738,55,7752.97262,33,,,,,,,,,,,,,,,,,,,,,,,,,,,,,,,,,,,,,,,,,,,,,,,
73,30819,568102,68119,1,blink,True,N/A,30,-727.37474,30,14335.30526,24,,,,,,,,,,,,,,,,,,,,,,,,,,,,,,,,,,,,,,,,,,,,,,,
74,28491,287329,21796,2,supersaver,True,N/A,41,-657.04727,41,2060.15273,21,28491.0,tacrolimus,Prograf,1 MG,CAPSULE,120.0,188.0,120.0,180.0,0.488092,0.298652,0.322917,4.427556,2.740105,2.95,0.47936,0.46038,0.40035,1.01245,0.32957,1.0,1.0,1.0,1.0,1.5,,,,,,120.0,180.0,45.88,64.62,67.74,90.61,67.74,90.61,2019-12-24,1479.0,159.0,0.902930402930403,0.0970695970695971,74.0,8.0,0.902439024390244,0.902439024390244
75,28491,288897,21796,2,supersaver,True,N/A,37,-566.0785,37,1876.5715,27,28491.0,tacrolimus,Prograf,1 MG,CAPSULE,120.0,188.0,120.0,180.0,0.488092,0.298652,0.322917,4.427556,2.740105,2.95,0.47936,0.46038,0.40035,1.01245,0.32957,1.0,1.0,1.0,1.0,1.5,,,,,,120.0,180.0,45.88,64.62,67.74,90.61,67.74,90.61,2019-12-24,1479.0,159.0,0.902930402930403,0.0970695970695971,74.0,8.0,0.902439024390244,0.902439024390244
76,94124,272840,41653,1,blink,True,N/A,3,-567.9852,3,235.8648,1,,,,,,,,,,,,,,,,,,,,,,,,,,,,,,,,,,,,,,,,,,,,,,,
77,10857,241223,40974,3,delivery,True,N/A,1157,-5473.33,1157,0.0,717,10857.0,metformin hcl,Glucophage,1000 MG,TABLET,60.0,8.0,60.0,180.0,0.031739,0.031739,0.0,2.095647,2.095647,0.0,0.04868,0.04509,0.03845,0.05167,0.02748,1.0,1.0,1.0,1.0,1.5,60.0,180.0,4.0,10.0,1.0,60.0,180.0,3.98,9.98,4.0,10.0,4.0,10.0,2019-12-24,19750.0,14881.0,0.570298287661344,0.429701712338656,431.0,421.0,0.505868544600939,0.505868544600939
78,10857,241223,40974,1,blink,True,N/A,864,-846.78021,864,5369.81979,693,10857.0,metformin hcl,Glucophage,1000 MG,TABLET,60.0,8.0,60.0,180.0,0.031739,0.031739,0.0,2.095647,2.095647,0.0,0.04868,0.04509,0.03845,0.05167,0.02748,1.0,1.0,1.0,1.0,1.5,60.0,180.0,4.0,10.0,1.0,60.0,180.0,3.98,9.98,4.0,10.0,4.0,10.0,2019-12-24,19750.0,14881.0,0.570298287661344,0.429701712338656,431.0,421.0,0.505868544600939,0.505868544600939
79,16355,151828,46215,2,supersaver,True,N/A,74,-301.1231,74,473.0569,53,16355.0,fluoxetine hcl,Prozac,40 MG,CAPSULE,30.0,36.0,30.0,90.0,0.1,0.097652,0.0875,0.9,0.85025,0.875,0.14663,0.13815,0.11892,0.10333,0.09121,1.0,1.0,1.0,1.0,1.5,30.0,90.0,4.0,10.0,1.0,30.0,90.0,4.0,10.0,4.0,10.0,4.0,10.0,2019-12-24,6350.0,1834.0,0.775904203323558,0.224095796676442,176.0,68.0,0.721311475409836,0.721311475409836
80,16355,151828,46215,1,blink,True,N/A,241,-387.62,241,1474.4,159,16355.0,fluoxetine hcl,Prozac,40 MG,CAPSULE,30.0,36.0,30.0,90.0,0.1,0.097652,0.0875,0.9,0.85025,0.875,0.14663,0.13815,0.11892,0.10333,0.09121,1.0,1.0,1.0,1.0,1.5,30.0,90.0,4.0,10.0,1.0,30.0,90.0,4.0,10.0,4.0,10.0,4.0,10.0,2019-12-24,6350.0,1834.0,0.775904203323558,0.224095796676442,176.0,68.0,0.721311475409836,0.721311475409836
81,84597,293717,44967,1,blink,True,N/A,1,-1119.53678,1,663.46322,1,84597.0,leuprolide acetate,Lupron,1 MG/0.2ML,KIT,1.0,580.0,,,330.863206,,,1.736807,,,1041.08737,1001.57227,871.74683,2217.67018,721.8967,1.0,1.0,1.0,1.0,1.5,,,,,,,,,,,,,,,9.0,0.0,1.0,0.0,1.0,0.0,1.0,1.0
82,14260,222389,3773,1,blink,True,N/A,242,-330.13235,242,1811.51765,161,14260.0,alprazolam,Xanax,0.25 MG,TABLET,30.0,10.0,60.0,90.0,0.093751,0.081349,,1.774157,1.529075,,0.08173,0.06943,0.05626,0.07262,0.02364,1.0,1.0,1.0,1.0,1.5,,,,,,60.0,90.0,9.63,10.24,10.6,11.27,10.6,11.27,2019-12-24,9743.0,427.0,0.958013765978368,0.0419862340216322,155.0,5.0,0.96875,0.96875
83,5712,172960,1775,1,blink,True,N/A,137,-1437.68,137,2069.8,94,5712.0,glyburide,Diabeta,5 MG,TABLET,60.0,170.0,60.0,180.0,0.125,0.102664,0.0975,0.4,1.590188,2.45,0.13581,0.13053,0.11356,0.28798,0.09374,1.0,1.0,1.0,1.0,1.5,,,,,,60.0,180.0,13.99,23.27,13.99,23.27,13.99,23.27,2019-12-24,1416.0,705.0,0.667609618104668,0.332390381895332,52.0,30.0,0.634146341463415,0.634146341463415
84,27131,562162,65392,1,blink,True,N/A,19,-634.63896,19,5662.37104,12,,,,,,,,,,,,,,,,,,,,,,,,,,,,,,,,,,,,,,,,,,,,,,,
85,45063,174191,21141,1,blink,True,N/A,75,-2093.91099,75,1465.24901,61,45063.0,bisoprolol/hydrochlorothiazide,Ziac,10-6.25MG,TABLET,30.0,177.0,30.0,90.0,0.225781,,,2.97938,,,0.63398,0.60622,0.52597,1.30972,0.42634,1.0,1.0,1.0,1.0,1.5,,,,,,30.0,90.0,4.0,10.0,15.7,38.1,15.7,38.1,2019-12-24,451.0,425.0,0.514840182648402,0.485159817351598,11.0,21.0,0.34375,0.34375
86,45063,223083,21141,1,blink,True,N/A,18,-448.44338,18,365.20662,16,45063.0,bisoprolol/hydrochlorothiazide,Ziac,10-6.25MG,TABLET,30.0,177.0,30.0,90.0,0.225781,,,2.97938,,,0.63398,0.60622,0.52597,1.30972,0.42634,1.0,1.0,1.0,1.0,1.5,,,,,,30.0,90.0,4.0,10.0,15.7,38.1,15.7,38.1,2019-12-24,451.0,425.0,0.514840182648402,0.485159817351598,11.0,21.0,0.34375,0.34375
87,31340,570316,68539,1,blink,True,N/A,5,-420.19884,5,4992.00116,3,,,,,,,,,,,,,,,,,,,,,,,,,,,,,,,,,,,,,,,,,,,,,,,
88,1580,251766,263,1,blink,True,N/A,53,-551.63916,53,2533.56084,34,1580.0,flecainide acetate,Tambocor,100 MG,TABLET,60.0,175.0,60.0,180.0,0.541769,0.413258,0.453333,1.803781,1.384497,3.0,0.47065,0.44931,0.3895,0.9642,0.31387,1.0,1.0,1.0,1.0,1.5,,,,,,60.0,180.0,31.4,77.4,34.39,78.26,34.39,78.26,2019-12-24,1005.0,237.0,0.809178743961353,0.190821256038647,25.0,15.0,0.625,0.625
89,95919,264931,39531,1,blink,True,N/A,109,-1032.83246,109,3040.16754,80,95919.0,dorzolamide hcl/timolol maleat,Cosopt,22.3-6.8/1,DROPS,10.0,184.0,10.0,10.0,2.173486,,,2.367938,,,2.17277,2.0759,1.80029,4.46944,1.45489,1.0,1.0,1.0,1.0,1.5,,,,,,,,,,,,,,,1829.0,313.0,0.853874883286648,0.146125116713352,39.0,7.0,0.847826086956522,0.847826086956522
90,95919,283717,39531,1,blink,True,N/A,27,-437.97496,27,737.71504,21,95919.0,dorzolamide hcl/timolol maleat,Cosopt,22.3-6.8/1,DROPS,10.0,184.0,10.0,10.0,2.173486,,,2.367938,,,2.17277,2.0759,1.80029,4.46944,1.45489,1.0,1.0,1.0,1.0,1.5,,,,,,,,,,,,,,,1829.0,313.0,0.853874883286648,0.146125116713352,39.0,7.0,0.847826086956522,0.847826086956522
91,2363,223252,573,2,supersaver,True,N/A,6,-307.1,6,120.9,6,2363.0,diltiazem hcl,Cardizem,120 MG,TABLET,90.0,111.0,30.0,180.0,0.125,0.125,0.495,1.4,1.4,2.95,0.45581,0.43714,0.37986,0.95591,0.31117,1.0,1.0,1.0,1.0,1.5,60.0,180.0,9.0,24.0,1.0,30.0,180.0,4.5,24.0,4.5,24.0,4.5,24.0,2019-12-24,76.0,67.0,0.531468531468531,0.468531468531469,1.0,4.0,0.2,0.2
92,32749,153566,27370,2,supersaver,True,N/A,203,-529.80055,203,2511.25945,148,32749.0,latanoprost,Xalatan,0.005 %,DROPS,1.0,84.0,2.5,7.5,4.448187,2.649914,,2.530013,1.529586,,3.10702,2.9656,2.57053,6.35914,2.07003,1.0,1.0,1.0,1.0,1.5,,,,,,,,,,,,,,,7916.0,519.0,0.938470657972733,0.0615293420272673,211.0,17.0,0.925438596491228,0.925438596491228
93,14851,150773,23382,1,blink,True,N/A,887,-1627.39,887,7068.7,695,14851.0,losartan potassium,Cozaar,50 MG,TABLET,30.0,12.0,30.0,90.0,0.1,0.077224,0.076667,0.9,1.423283,1.9,0.122,0.11541,0.09956,0.1794,0.07755,1.0,1.0,1.0,1.0,1.5,30.0,90.0,4.0,10.0,1.0,30.0,90.0,7.79,13.31,9.0,24.0,9.0,24.0,2019-12-24,14821.0,10092.0,0.594910287801549,0.405089712198451,237.0,310.0,0.43327239488117,0.43327239488117
94,14851,150773,23382,2,supersaver,True,N/A,239,-397.68888,239,1786.80112,200,14851.0,losartan potassium,Cozaar,50 MG,TABLET,30.0,12.0,30.0,90.0,0.1,0.077224,0.076667,0.9,1.423283,1.9,0.122,0.11541,0.09956,0.1794,0.07755,1.0,1.0,1.0,1.0,1.5,30.0,90.0,4.0,10.0,1.0,30.0,90.0,7.79,13.31,9.0,24.0,9.0,24.0,2019-12-24,14821.0,10092.0,0.594910287801549,0.405089712198451,237.0,310.0,0.43327239488117,0.43327239488117
95,47561,214227,32599,2,supersaver,True,N/A,52,-867.46926,52,2995.67074,31,47561.0,mycophenolate mofetil,CellCept,500 MG,TABLET,120.0,130.0,120.0,360.0,0.545758,0.354461,0.420417,2.244889,1.474701,2.95,0.44618,0.42776,0.37164,0.93404,0.30405,1.0,1.0,1.0,1.0,1.5,,,,,,120.0,360.0,53.98,145.13,61.42,149.8,61.42,149.8,2019-12-24,3174.0,432.0,0.880199667221298,0.119800332778702,63.0,16.0,0.79746835443038,0.79746835443038
96,47561,254800,32599,2,supersaver,True,N/A,37,-515.9875,37,1785.0425,22,47561.0,mycophenolate mofetil,CellCept,500 MG,TABLET,120.0,130.0,120.0,360.0,0.545758,0.354461,0.420417,2.244889,1.474701,2.95,0.44618,0.42776,0.37164,0.93404,0.30405,1.0,1.0,1.0,1.0,1.5,,,,,,120.0,360.0,53.98,145.13,61.42,149.8,61.42,149.8,2019-12-24,3174.0,432.0,0.880199667221298,0.119800332778702,63.0,16.0,0.79746835443038,0.79746835443038
97,47561,254800,32599,1,blink,True,N/A,34,-434.06005,34,2102.17995,23,47561.0,mycophenolate mofetil,CellCept,500 MG,TABLET,120.0,130.0,120.0,360.0,0.545758,0.354461,0.420417,2.244889,1.474701,2.95,0.44618,0.42776,0.37164,0.93404,0.30405,1.0,1.0,1.0,1.0,1.5,,,,,,120.0,360.0,53.98,145.13,61.42,149.8,61.42,149.8,2019-12-24,3174.0,432.0,0.880199667221298,0.119800332778702,63.0,16.0,0.79746835443038,0.79746835443038
98,81111,288928,31492,2,supersaver,True,N/A,26,-343.98141,26,1064.88859,14,81111.0,naratriptan hcl,Amerge,2.5 MG,TABLET,1.0,269.0,9.0,27.0,5.755951,2.657275,,2.121549,0.995925,,3.48907,3.32712,2.88246,7.10648,2.3133,1.0,1.0,1.0,1.0,1.5,,,,,,9.0,27.0,33.67,84.21,43.3,85.91,43.3,85.91,2019-12-24,548.0,6.0,0.989169675090253,0.0108303249097473,7.0,1.0,0.875,0.875
99,29888,564130,67351,1,blink,False,Last Started Date : 2019-12-09,8,-313.57012,8,3384.72988,5,,,,,,,,,,,,,,,,,,,,,,,,,,,,,,,,,,,,,,,,,,,,,,,
100,43723,158585,45772,1,blink,True,N/A,539,-1106.96023,539,8210.67977,391,43723.0,atorvastatin calcium,Lipitor,80 MG,TABLET,30.0,3.0,30.0,90.0,0.187667,0.17,0.141667,4.36,0.65,2.74,0.19634,0.18825,0.16355,0.41111,0.13382,1.0,1.0,1.0,1.0,1.5,,,,,,30.0,90.0,12.98,22.14,14.73,32.48,14.73,32.48,2019-12-24,10566.0,6657.0,0.61348197178192,0.38651802821808,240.0,211.0,0.532150776053215,0.532150776053215
101,43723,158585,45772,2,supersaver,True,N/A,199,-1008.64159,199,1703.88841,161,43723.0,atorvastatin calcium,Lipitor,80 MG,TABLET,30.0,3.0,30.0,90.0,0.187667,0.17,0.141667,4.36,0.65,2.74,0.19634,0.18825,0.16355,0.41111,0.13382,1.0,1.0,1.0,1.0,1.5,,,,,,30.0,90.0,12.98,22.14,14.73,32.48,14.73,32.48,2019-12-24,10566.0,6657.0,0.61348197178192,0.38651802821808,240.0,211.0,0.532150776053215,0.532150776053215
102,43723,181235,45772,2,supersaver,True,N/A,68,-398.80606,68,579.47394,53,43723.0,atorvastatin calcium,Lipitor,80 MG,TABLET,30.0,3.0,30.0,90.0,0.187667,0.17,0.141667,4.36,0.65,2.74,0.19634,0.18825,0.16355,0.41111,0.13382,1.0,1.0,1.0,1.0,1.5,,,,,,30.0,90.0,12.98,22.14,14.73,32.48,14.73,32.48,2019-12-24,10566.0,6657.0,0.61348197178192,0.38651802821808,240.0,211.0,0.532150776053215,0.532150776053215
103,7070,203487,2535,2,supersaver,True,N/A,124,-478.4785,124,1119.3415,100,7070.0,allopurinol,Zyloprim,100 MG,TABLET,90.0,97.0,30.0,90.0,0.259479,0.090116,0.15,2.903223,1.036424,2.5,0.1307,0.12533,0.1089,0.27391,0.08916,1.0,1.0,1.0,1.0,1.5,,,,,,30.0,90.0,4.0,10.0,8.26,16.34,8.26,16.34,2019-12-24,1731.0,1253.0,0.580093833780161,0.419906166219839,36.0,51.0,0.413793103448276,0.413793103448276
104,47632,158184,20176,2,supersaver,False,Last Started Date : 2019-12-12,86,-2817.92814,86,817.90186,64,47632.0,levothyroxine sodium,Synthroid,137 MCG,TABLET,90.0,29.0,30.0,90.0,0.657312,0.43042,0.46,2.263131,0.7225,2.9,0.69619,0.6644,0.57585,0.10333,0.46348,1.0,1.0,1.0,1.0,1.5,30.0,90.0,4.0,10.0,1.0,30.0,90.0,4.0,9.9,4.0,9.9,4.0,9.9,2019-12-24,899.0,540.0,0.624739402362752,0.375260597637248,26.0,18.0,0.590909090909091,0.590909090909091
105,64324,155661,22550,1,blink,False,Last Started Date : 2019-12-20,156,-389.5617,156,814.8583,91,64324.0,lamotrigine,Lamictal,150 MG,TABLET,60.0,28.0,60.0,180.0,0.124,0.121,0.094,1.5099,1.3875,3.2619,0.11651,0.10968,0.09438,0.135,0.07215,1.0,1.0,1.0,1.0,1.5,60.0,180.0,4.0,10.0,1.0,60.0,180.0,9.0,24.0,9.0,24.0,9.0,24.0,2019-12-24,5533.0,750.0,0.88063027216298,0.119369727837021,101.0,21.0,0.827868852459016,0.827868852459016
106,18996,453503,51657,1,blink,False,Last Started Date : 2019-12-13,344,-2966.31756,344,9862.31244,278,18996.0,tadalafil,Cialis,20 MG,TABLET,6.0,58.0,10.0,90.0,8.325,,4.99167,0.0,,0.0,1.62043,1.54551,1.33909,3.30371,1.07542,1.0,1.0,1.0,1.0,1.5,,,,,,,,,,,,,,,4766.0,145.0,0.970474445123193,0.0295255548768072,1606.0,30.0,0.981662591687042,0.981662591687042
107,18996,453512,51657,1,blink,False,Last Started Date : 2019-12-13,742,-5965.09072,742,22321.21928,592,18996.0,tadalafil,Cialis,20 MG,TABLET,6.0,58.0,10.0,90.0,8.325,,4.99167,0.0,,0.0,1.62043,1.54551,1.33909,3.30371,1.07542,1.0,1.0,1.0,1.0,1.5,,,,,,,,,,,,,,,4766.0,145.0,0.970474445123193,0.0295255548768072,1606.0,30.0,0.981662591687042,0.981662591687042
108,780,271154,21413,1,blink,True,N/A,485,-322.98472,485,5417.60528,335,780.0,gabapentin,Neurontin,100 MG,CAPSULE,90.0,5.0,90.0,180.0,0.074485,0.072263,,1.726394,1.676377,,0.05816,0.05404,0.04617,0.10278,0.03346,1.0,1.0,1.0,1.0,1.5,,,,,,90.0,180.0,4.66,7.61,12.43,12.11,12.43,12.11,2019-12-24,8923.0,1403.0,0.864129382142165,0.135870617857835,188.0,46.0,0.803418803418803,0.803418803418803
109,26321,232437,6648,2,supersaver,False,Last Started Date : 2019-12-12,16,-367.59977,16,131.83023,14,26321.0,levothyroxine sodium,Synthroid,25 MCG,TABLET,30.0,29.0,30.0,90.0,0.436766,0.27475,0.351667,2.118428,0.7925,2.75,0.41046,0.39232,0.34031,0.10333,0.27542,1.0,1.0,1.0,1.0,1.5,30.0,90.0,4.0,10.0,1.0,30.0,90.0,4.0,10.0,4.0,10.0,4.0,10.0,2019-12-24,2186.0,1187.0,0.648087755707086,0.351912244292914,48.0,35.0,0.578313253012048,0.578313253012048
110,26321,210792,6648,2,supersaver,False,Last Started Date : 2019-12-12,114,-2085.41269,114,1058.24731,93,26321.0,levothyroxine sodium,Synthroid,25 MCG,TABLET,30.0,29.0,30.0,90.0,0.436766,0.27475,0.351667,2.118428,0.7925,2.75,0.41046,0.39232,0.34031,0.10333,0.27542,1.0,1.0,1.0,1.0,1.5,30.0,90.0,4.0,10.0,1.0,30.0,90.0,4.0,10.0,4.0,10.0,4.0,10.0,2019-12-24,2186.0,1187.0,0.648087755707086,0.351912244292914,48.0,35.0,0.578313253012048,0.578313253012048
111,16516,206717,46047,2,supersaver,True,N/A,81,-1248.92488,81,606.31512,53,16516.0,amitriptyline hcl,Elavil,50 MG,TABLET,30.0,93.0,30.0,90.0,0.718568,0.112042,0.37,2.297258,0.368634,2.9,0.34767,0.33315,0.28937,0.10333,0.23632,1.0,1.0,1.0,1.0,1.5,30.0,90.0,4.0,10.0,1.0,30.0,90.0,4.0,10.0,4.0,10.0,4.0,10.0,2019-12-24,1174.0,327.0,0.782145236508994,0.217854763491006,37.0,9.0,0.804347826086957,0.804347826086957
112,14771,184992,3846,1,blink,True,N/A,24,-354.85354,24,308.30646,18,14771.0,prochlorperazine maleate,Compazine,10 MG,TABLET,30.0,287.0,90.0,,0.229611,,,2.140485,,,0.53867,0.51578,0.44782,1.1205,0.36475,1.0,1.0,1.0,1.0,1.5,,,,,,,,,,,,,,,400.0,3.0,0.992555831265509,0.00744416873449132,10.0,0.0,1.0,1.0
113,98921,579341,63164,1,blink,False,Last Started Date : 2019-12-09,62,-22751.4001,62,5555.5099,46,,,,,,,,,,,,,,,,,,,,,,,,,,,,,,,,,,,,,,,,,,,,,,,
114,43721,163181,29968,1,blink,True,N/A,897,-466.75199,897,13370.28801,741,43721.0,atorvastatin calcium,Lipitor,20 MG,TABLET,30.0,3.0,30.0,90.0,0.163333,0.131,0.141667,3.8,4.06,2.74,0.13129,0.1241,0.10701,0.25531,0.08311,1.0,1.0,1.0,1.0,1.5,30.0,90.0,9.0,24.0,1.0,30.0,90.0,8.16,18.62,15.0,33.3,15.0,33.3,2019-12-24,21112.0,15686.0,0.573726832980053,0.426273167019947,355.0,418.0,0.459249676584735,0.459249676584735
115,56973,158986,5001,2,supersaver,True,N/A,368,-2054.99601,368,12362.45399,212,56973.0,dextroamphetamine/amphetamine,Adderall,20 MG,TABLET,60.0,18.0,60.0,90.0,0.780018,0.493399,,4.347106,2.778982,,0.60388,0.57515,0.49796,1.22227,0.39788,1.0,1.0,1.0,1.0,1.5,,,,,,60.0,90.0,31.84,43.15,32.9,45.2,31.84,43.15,2020-01-03,19367.0,244.0,0.987558003161491,0.012441996838509,309.0,3.0,0.990384615384615,0.990384615384615
116,23831,239555,40910,2,supersaver,True,N/A,22,-404.73526,22,855.51474,17,23831.0,telmisartan,Micardis,40 MG,TABLET,30.0,151.0,30.0,90.0,0.844701,0.560849,,2.668277,1.794524,,0.76821,0.73445,0.63717,1.58564,0.51616,1.0,1.0,1.0,1.0,1.5,,,,,,30.0,90.0,20.18,43.73,36.01,80.12,36.01,80.12,2019-12-24,739.0,320.0,0.697828139754485,0.302171860245515,28.0,10.0,0.736842105263158,0.736842105263158
117,23831,239555,40910,1,blink,True,N/A,71,-870.86986,71,2951.62014,43,23831.0,telmisartan,Micardis,40 MG,TABLET,30.0,151.0,30.0,90.0,0.844701,0.560849,,2.668277,1.794524,,0.76821,0.73445,0.63717,1.58564,0.51616,1.0,1.0,1.0,1.0,1.5,,,,,,30.0,90.0,20.18,43.73,36.01,80.12,36.01,80.12,2019-12-24,739.0,320.0,0.697828139754485,0.302171860245515,28.0,10.0,0.736842105263158,0.736842105263158
118,97400,547330,61614,1,blink,True,N/A,12,-432.31388,12,5018.13612,7,,,,,,,,,,,,,,,,,,,,,,,,,,,,,,,,,,,,,,,,,,,,,,,
119,14262,173662,3775,1,blink,True,N/A,660,-400.52474,660,5880.89526,345,14262.0,alprazolam,Xanax,1 MG,TABLET,90.0,10.0,90.0,90.0,0.088369,0.075577,,1.896763,1.658055,,0.07108,0.06254,0.05178,0.08695,0.0283,1.0,1.0,1.0,1.0,1.5,,,,,,90.0,90.0,10.75,10.75,19.8,19.8,19.8,19.8,2019-12-24,26386.0,822.0,0.969788297559541,0.0302117024404587,516.0,21.0,0.960893854748603,0.960893854748603
120,10811,191479,16441,3,delivery,True,N/A,96,-525.84,96,0.0,61,10811.0,metformin hcl,Glucophage,850 MG,TABLET,60.0,8.0,60.0,180.0,0.032073,0.032073,0.0,2.075591,2.075591,0.0,0.04902,0.04569,0.0391,0.05167,0.02871,1.0,1.0,1.0,1.0,1.5,60.0,180.0,4.0,10.0,1.0,60.0,180.0,3.94,10.0,4.0,10.0,4.0,10.0,2019-12-24,1785.0,1368.0,0.566127497621313,0.433872502378687,33.0,36.0,0.478260869565217,0.478260869565217
121,30357,565816,67738,1,blink,True,N/A,1,-1034.72921,1,7145.66079,1,,,,,,,,,,,,,,,,,,,,,,,,,,,,,,,,,,,,,,,,,,,,,,,
122,4749,273426,34468,1,blink,True,N/A,93,-461.42571,93,2067.93429,70,4749.0,irbesartan,Avapro,150 MG,TABLET,30.0,123.0,30.0,90.0,0.280801,0.268936,0.238333,2.688476,2.771925,2.65,0.45345,0.43394,0.37665,0.94058,0.30618,1.0,1.0,1.0,1.0,1.5,30.0,90.0,9.0,24.0,1.0,30.0,90.0,9.0,24.0,9.0,24.0,9.0,24.0,2019-12-24,1303.0,986.0,0.569244211446046,0.430755788553954,20.0,26.0,0.434782608695652,0.434782608695652
123,50786,252197,43802,2,supersaver,True,N/A,61,-751.37504,61,2206.41496,33,50786.0,"progesterone, micronized",Prometrium,200 MG,CAPSULE,30.0,150.0,30.0,90.0,1.881876,0.867764,1.098333,3.187126,1.517075,3.05,1.126,1.07331,0.92967,2.28875,0.74503,1.0,1.0,1.0,1.0,1.5,,,,,,30.0,90.0,30.43,77.69,30.43,77.69,30.43,77.69,2019-12-24,1173.0,184.0,0.864406779661017,0.135593220338983,37.0,9.0,0.804347826086957,0.804347826086957
124,37158,582952,72862,1,blink,True,N/A,12,-570.51888,12,2316.93112,7,,,,,,,,,,,,,,,,,,,,,,,,,,,,,,,,,,,,,,,,,,,,,,,
125,19216,448774,51820,1,blink,True,N/A,9,-395.28488,9,4069.66512,7,,,,,,,,,,,,,,,,,,,,,,,,,,,,,,,,,,,,,,,,,,,,,,,
126,25940,175833,6575,1,blink,True,N/A,51,-1276.93026,51,1531.20974,35,25940.0,clomiphene citrate,,50 MG,TABLET,5.0,726.0,15.0,90.0,1.505708,0.983775,,2.153362,1.422224,,1.38195,1.31477,1.13767,2.78128,0.90536,1.0,1.0,1.0,1.0,1.5,,,,,,,,,,,,,,,1.0,0.0,1.0,0.0,0.0,0.0,0.0,0.0
127,25940,291840,6575,1,blink,True,N/A,38,-1089.70132,38,1211.10868,28,25940.0,clomiphene citrate,,50 MG,TABLET,5.0,726.0,15.0,90.0,1.505708,0.983775,,2.153362,1.422224,,1.38195,1.31477,1.13767,2.78128,0.90536,1.0,1.0,1.0,1.0,1.5,,,,,,,,,,,,,,,1.0,0.0,1.0,0.0,0.0,0.0,0.0,0.0
128,25940,291840,6575,2,supersaver,True,N/A,31,-2350.99299,31,856.68701,25,25940.0,clomiphene citrate,,50 MG,TABLET,5.0,726.0,15.0,90.0,1.505708,0.983775,,2.153362,1.422224,,1.38195,1.31477,1.13767,2.78128,0.90536,1.0,1.0,1.0,1.0,1.5,,,,,,,,,,,,,,,1.0,0.0,1.0,0.0,0.0,0.0,0.0,0.0
129,25940,175833,6575,2,supersaver,True,N/A,39,-3094.57183,39,1098.26817,26,25940.0,clomiphene citrate,,50 MG,TABLET,5.0,726.0,15.0,90.0,1.505708,0.983775,,2.153362,1.422224,,1.38195,1.31477,1.13767,2.78128,0.90536,1.0,1.0,1.0,1.0,1.5,,,,,,,,,,,,,,,1.0,0.0,1.0,0.0,0.0,0.0,0.0,0.0
130,26323,184403,6651,2,supersaver,False,Last Started Date : 2019-12-12,38,-774.57364,38,294.14636,30,26323.0,levothyroxine sodium,Synthroid,100 MCG,TABLET,90.0,29.0,30.0,90.0,0.547197,0.3335,0.533333,1.666778,0.695,2.9,0.51566,0.49262,0.4272,0.10333,0.34511,1.0,1.0,1.0,1.0,1.5,30.0,90.0,4.0,10.0,1.0,30.0,90.0,4.0,10.0,4.0,10.0,4.0,10.0,2019-12-24,2962.0,2074.0,0.588165210484512,0.411834789515488,69.0,57.0,0.547619047619048,0.547619047619048
131,26323,217047,6651,2,supersaver,False,Last Started Date : 2019-12-12,242,-5956.81141,242,2296.97859,191,26323.0,levothyroxine sodium,Synthroid,100 MCG,TABLET,90.0,29.0,30.0,90.0,0.547197,0.3335,0.533333,1.666778,0.695,2.9,0.51566,0.49262,0.4272,0.10333,0.34511,1.0,1.0,1.0,1.0,1.5,30.0,90.0,4.0,10.0,1.0,30.0,90.0,4.0,10.0,4.0,10.0,4.0,10.0,2019-12-24,2962.0,2074.0,0.588165210484512,0.411834789515488,69.0,57.0,0.547619047619048,0.547619047619048
132,47631,246607,15523,2,supersaver,False,Last Started Date : 2019-12-12,20,-408.31977,20,152.49023,15,47631.0,levothyroxine sodium,Synthroid,88 MCG,TABLET,90.0,29.0,30.0,90.0,0.635563,0.3385,0.538333,1.901604,0.705,2.95,0.52293,0.49912,0.43263,0.10333,0.34839,1.0,1.0,1.0,1.0,1.5,30.0,90.0,4.0,10.0,1.0,30.0,90.0,4.0,10.0,4.0,10.0,4.0,10.0,2019-12-24,1300.0,1088.0,0.544388609715243,0.455611390284757,36.0,41.0,0.467532467532468,0.467532467532468
133,47631,220146,15523,2,supersaver,False,Last Started Date : 2019-12-12,139,-3640.98668,139,1394.57332,112,47631.0,levothyroxine sodium,Synthroid,88 MCG,TABLET,90.0,29.0,30.0,90.0,0.635563,0.3385,0.538333,1.901604,0.705,2.95,0.52293,0.49912,0.43263,0.10333,0.34839,1.0,1.0,1.0,1.0,1.5,30.0,90.0,4.0,10.0,1.0,30.0,90.0,4.0,10.0,4.0,10.0,4.0,10.0,2019-12-24,1300.0,1088.0,0.544388609715243,0.455611390284757,36.0,41.0,0.467532467532468,0.467532467532468
134,20741,175686,16599,3,delivery,True,N/A,284,-820.25426,284,2081.79574,200,20741.0,metoprolol succinate,Toprol XL,50 MG,TAB ER 24H,30.0,23.0,30.0,90.0,0.25,0.25,0.186667,1.4,1.4,2.6,0.17882,0.17101,0.14838,0.36965,0.12033,1.0,1.0,1.0,1.0,1.5,30.0,90.0,9.0,24.0,1.0,30.0,90.0,9.0,24.0,9.0,24.0,9.0,24.0,2019-12-24,11701.0,5392.0,0.684549230679225,0.315450769320775,231.0,175.0,0.568965517241379,0.568965517241379
135,26324,213323,6650,2,supersaver,False,Last Started Date : 2019-12-12,237,-5748.28606,237,2238.95394,191,26324.0,levothyroxine sodium,Synthroid,75 MCG,TABLET,90.0,29.0,30.0,90.0,0.529973,0.31833,0.501667,1.79351,0.72,2.95,0.48768,0.46568,0.40374,0.10333,0.32565,1.0,1.0,1.0,1.0,1.5,30.0,90.0,4.0,10.0,1.0,30.0,90.0,4.0,9.99,4.0,9.99,4.0,9.99,2019-12-24,3046.0,2382.0,0.561164333087693,0.438835666912307,76.0,68.0,0.527777777777778,0.527777777777778
136,26324,253625,6650,2,supersaver,False,Last Started Date : 2019-12-12,32,-791.92355,32,251.34645,25,26324.0,levothyroxine sodium,Synthroid,75 MCG,TABLET,90.0,29.0,30.0,90.0,0.529973,0.31833,0.501667,1.79351,0.72,2.95,0.48768,0.46568,0.40374,0.10333,0.32565,1.0,1.0,1.0,1.0,1.5,30.0,90.0,4.0,10.0,1.0,30.0,90.0,4.0,9.99,4.0,9.99,4.0,9.99,2019-12-24,3046.0,2382.0,0.561164333087693,0.438835666912307,76.0,68.0,0.527777777777778,0.527777777777778
137,26326,241772,6653,2,supersaver,False,Last Started Date : 2019-12-12,169,-5224.13158,169,1494.12842,132,26326.0,levothyroxine sodium,Synthroid,125 MCG,TABLET,90.0,29.0,30.0,90.0,0.638286,0.38125,0.608333,1.663927,0.6775,3.05,0.60245,0.57533,0.49882,0.10333,0.40246,1.0,1.0,1.0,1.0,1.5,30.0,90.0,4.0,10.0,1.0,30.0,90.0,4.0,10.0,4.0,10.0,4.0,10.0,2019-12-24,1755.0,1370.0,0.5616,0.4384,53.0,44.0,0.54639175257732,0.54639175257732
138,26326,183683,6653,2,supersaver,False,Last Started Date : 2019-12-12,24,-744.00724,24,311.28276,21,26326.0,levothyroxine sodium,Synthroid,125 MCG,TABLET,90.0,29.0,30.0,90.0,0.638286,0.38125,0.608333,1.663927,0.6775,3.05,0.60245,0.57533,0.49882,0.10333,0.40246,1.0,1.0,1.0,1.0,1.5,30.0,90.0,4.0,10.0,1.0,30.0,90.0,4.0,10.0,4.0,10.0,4.0,10.0,2019-12-24,1755.0,1370.0,0.5616,0.4384,53.0,44.0,0.54639175257732,0.54639175257732
139,45061,206181,21139,1,blink,True,N/A,30,-675.65604,30,628.35396,20,45061.0,bisoprolol/hydrochlorothiazide,Ziac,2.5-6.25MG,TABLET,30.0,177.0,30.0,90.0,0.265464,,,2.893582,,,0.6017,0.57455,0.49812,1.23409,0.40172,1.0,1.0,1.0,1.0,1.5,,,,,,30.0,90.0,4.0,10.0,17.9,44.7,17.9,44.7,2019-12-24,131.0,116.0,0.530364372469636,0.469635627530364,8.0,4.0,0.666666666666667,0.666666666666667
140,94594,238818,2329,2,supersaver,True,N/A,50,-392.39937,50,605.75063,35,94594.0,cyanocobalamin (vitamin b-12),Cyanacobalamin,1000MCG/ML,VIAL,1.0,172.0,1.0,3.0,5.798313,2.695947,,4.435003,2.094928,,4.77467,4.55932,3.95286,9.79428,3.18824,1.0,1.0,1.0,1.0,1.5,,,,,,1.0,3.0,22.07,49.21,22.07,49.21,22.07,49.21,2019-12-24,1724.0,599.0,0.742143779595351,0.257856220404649,38.0,18.0,0.678571428571429,0.678571428571429
141,2682,235013,16927,1,blink,True,N/A,1438,-2691.14021,1438,9501.87979,1118,2682.0,amlodipine besylate,Norvasc,10 MG,TABLET,30.0,7.0,30.0,90.0,0.078365,0.076334,0.0875,1.549058,1.509966,0.875,0.06817,0.06066,0.05057,0.19,0.02961,1.0,1.0,1.0,1.0,1.5,30.0,90.0,4.0,10.0,1.0,30.0,90.0,4.0,9.97,9.0,24.0,9.0,24.0,2019-12-24,24754.0,16285.0,0.603182338750944,0.396817661249056,449.0,465.0,0.491247264770241,0.491247264770241
142,35793,293894,8362,3,delivery,True,N/A,46,-2181.15364,46,396.52636,34,35793.0,naproxen,Naprosyn,500 MG,TABLET,60.0,103.0,60.0,180.0,0.134519,0.061255,0.079167,1.618832,0.074622,1.65,0.129278728606357,0.121098901098901,0.102428571428571,0.222837711069418,0.513923076923077,1.0,1.0,1.0,1.0,1.5,,,,,,60.0,180.0,5.0,8.0,14.53,24.59,5.0,8.0,2020-01-03,5658.0,570.0,0.908477842003854,0.0915221579961464,112.0,18.0,0.861538461538462,0.861538461538462
143,35793,293894,8362,1,blink,True,N/A,169,-457.86793,169,1758.67207,142,35793.0,naproxen,Naprosyn,500 MG,TABLET,60.0,103.0,60.0,180.0,0.134519,0.061255,0.079167,1.618832,0.074622,1.65,0.129278728606357,0.121098901098901,0.102428571428571,0.222837711069418,0.513923076923077,1.0,1.0,1.0,1.0,1.5,,,,,,60.0,180.0,5.0,8.0,14.53,24.59,5.0,8.0,2020-01-03,5658.0,570.0,0.908477842003854,0.0915221579961464,112.0,18.0,0.861538461538462,0.861538461538462
144,35793,293894,8362,2,supersaver,True,N/A,105,-615.43594,105,500.26406,82,35793.0,naproxen,Naprosyn,500 MG,TABLET,60.0,103.0,60.0,180.0,0.134519,0.061255,0.079167,1.618832,0.074622,1.65,0.129278728606357,0.121098901098901,0.102428571428571,0.222837711069418,0.513923076923077,1.0,1.0,1.0,1.0,1.5,,,,,,60.0,180.0,5.0,8.0,14.53,24.59,5.0,8.0,2020-01-03,5658.0,570.0,0.908477842003854,0.0915221579961464,112.0,18.0,0.861538461538462,0.861538461538462
145,13846,195832,48401,1,blink,True,N/A,55,-1022.89409,55,901.56591,42,13846.0,valsartan,Diovan,80 MG,TABLET,30.0,71.0,30.0,90.0,0.255391,0.245075,0.418333,1.486561,1.427759,2.85,0.45185,0.43278,0.37581,0.94133,0.30642,1.0,1.0,1.0,1.0,1.5,,,,,,30.0,90.0,16.42,32.46,19.11,44.19,19.11,44.19,2019-12-24,1754.0,765.0,0.696308058753474,0.303691941246526,19.0,10.0,0.655172413793103,0.655172413793103
146,34078,576892,70519,1,blink,True,N/A,1,-391.016,1,720.364,1,,,,,,,,,,,,,,,,,,,,,,,,,,,,,,,,,,,,,,,,,,,,,,,
147,89863,287634,46754,1,blink,True,N/A,441,-1102.30724,441,2074.70276,338,89863.0,metformin hcl,Glucophage XR,500 MG,TAB ER 24H,120.0,8.0,120.0,180.0,0.027666,0.024598,0.07375,0.600035,0.534118,2.85,0.05587,0.05298,0.04577,0.02583,0.03599,1.0,1.0,1.0,1.0,1.5,,,,,,120.0,180.0,4.0,6.28,4.0,6.28,4.0,6.28,2019-12-24,5478.0,3168.0,0.633587786259542,0.366412213740458,162.0,127.0,0.560553633217993,0.560553633217993
148,89863,287634,46754,2,supersaver,True,N/A,217,-1302.92789,217,994.10211,167,89863.0,metformin hcl,Glucophage XR,500 MG,TAB ER 24H,120.0,8.0,120.0,180.0,0.027666,0.024598,0.07375,0.600035,0.534118,2.85,0.05587,0.05298,0.04577,0.02583,0.03599,1.0,1.0,1.0,1.0,1.5,,,,,,120.0,180.0,4.0,6.28,4.0,6.28,4.0,6.28,2019-12-24,5478.0,3168.0,0.633587786259542,0.366412213740458,162.0,127.0,0.560553633217993,0.560553633217993
149,27692,294909,6818,2,supersaver,False,Last Started Date : 2019-12-20,98,-644.07708,98,818.71292,68,27692.0,spironolactone,Aldactone,50 MG,TABLET,30.0,65.0,30.0,90.0,0.2321,0.2017,0.1519,4.2381,3.45,5.8938,0.18505,0.17708,0.15369,0.38372,0.12491,1.0,1.0,1.0,1.0,1.5,,,,,,30.0,90.0,11.54,18.75,11.54,18.75,11.54,18.75,2019-12-24,2675.0,631.0,0.809134906231095,0.190865093768905,67.0,22.0,0.752808988764045,0.752808988764045
150,11530,445100,3314,3,delivery,True,N/A,74,-324.56028,74,1293.49972,47,11530.0,levonorgestrel-ethin estradiol,Portia 28,0.15-0.03,TABLET,28.0,168.0,,,0.833034,,0.355357,2.970557,,0.0,0.40769,0.38716,0.33468,0.81267,0.43601,1.0,1.0,1.0,1.0,1.5,,,,,,,,,,,,,,,378.0,130.0,0.744094488188976,0.255905511811024,21.0,20.0,0.51219512195122,0.51219512195122
151,2683,202624,16926,1,blink,True,N/A,1375,-804.44022,1375,9127.60978,1085,2683.0,amlodipine besylate,Norvasc,5 MG,TABLET,30.0,7.0,30.0,90.0,0.071598,0.071598,0.0875,1.772056,1.772056,0.875,0.0534,0.04637,0.03809,0.1415,0.01906,1.0,1.0,1.0,1.0,1.5,30.0,90.0,4.0,10.0,1.0,30.0,90.0,3.94,10.12,9.0,24.0,9.0,24.0,2019-12-24,23708.0,16359.0,0.591708887613248,0.408291112386752,434.0,456.0,0.487640449438202,0.487640449438202
152,23164,471242,57893,1,blink,True,N/A,726,-399.33188,726,10991.08812,496,23164.0,duloxetine hcl,Cymbalta,60 MG,CAPSULE DR,30.0,6.0,30.0,90.0,0.25,0.25,0.233333,1.4,1.4,0.99,0.222,0.21239,0.18433,0.45986,0.14969,1.0,1.0,1.0,1.0,1.5,30.0,90.0,9.0,24.0,1.0,30.0,90.0,15.0,32.56,15.0,38.0,15.0,38.0,2019-12-24,52188.0,10401.0,0.833820639409481,0.166179360590519,815.0,297.0,0.732913669064748,0.732913669064748
153,23164,471240,57893,1,blink,True,N/A,1199,-1038.44001,1199,19454.19999,813,23164.0,duloxetine hcl,Cymbalta,60 MG,CAPSULE DR,30.0,6.0,30.0,90.0,0.25,0.25,0.233333,1.4,1.4,0.99,0.222,0.21239,0.18433,0.45986,0.14969,1.0,1.0,1.0,1.0,1.5,30.0,90.0,9.0,24.0,1.0,30.0,90.0,15.0,32.56,15.0,38.0,15.0,38.0,2019-12-24,52188.0,10401.0,0.833820639409481,0.166179360590519,815.0,297.0,0.732913669064748,0.732913669064748
154,35852,263280,8374,2,supersaver,False,Last Started Date : 2019-12-20,134,-606.24279,134,1316.02721,88,35852.0,diclofenac sodium,Voltaren,75 MG,TABLET DR,60.0,101.0,60.0,180.0,0.1825,0.1534,0.1151,6.8999,4.7475,10.8444,0.15459,0.14648,0.12648,0.30456,0.09914,1.0,1.0,1.0,1.0,1.5,,,,,,60.0,180.0,16.23,31.88,19.0,56.0,19.0,56.0,2019-12-24,3946.0,557.0,0.876304685765045,0.123695314234954,107.0,15.0,0.877049180327869,0.877049180327869
155,26327,178488,6654,2,supersaver,False,Last Started Date : 2019-12-12,17,-366.71608,17,133.20392,11,26327.0,levothyroxine sodium,Synthroid,150 MCG,TABLET,30.0,29.0,30.0,90.0,0.691254,0.42858,0.675,1.634786,0.6675,3.05,0.68893,0.65822,0.57084,0.10333,0.46135,1.0,1.0,1.0,1.0,1.5,30.0,90.0,4.0,10.0,1.0,30.0,90.0,4.0,10.0,4.0,10.0,4.0,10.0,2019-12-24,1332.0,917.0,0.592263228101378,0.407736771898622,44.0,27.0,0.619718309859155,0.619718309859155
156,26327,248321,6654,2,supersaver,False,Last Started Date : 2019-12-12,116,-4137.63194,116,1131.79806,95,26327.0,levothyroxine sodium,Synthroid,150 MCG,TABLET,30.0,29.0,30.0,90.0,0.691254,0.42858,0.675,1.634786,0.6675,3.05,0.68893,0.65822,0.57084,0.10333,0.46135,1.0,1.0,1.0,1.0,1.5,30.0,90.0,4.0,10.0,1.0,30.0,90.0,4.0,10.0,4.0,10.0,4.0,10.0,2019-12-24,1332.0,917.0,0.592263228101378,0.407736771898622,44.0,27.0,0.619718309859155,0.619718309859155
